ID;Plot;Plant_sp;Plant_sp_complete;Plant_id;Height_cm
1;A;UPAR;Ulex_parviflorus;1;71
2;A;UPAR;Ulex_parviflorus;2;98
3;A;UPAR;Ulex_parviflorus;3;59
4;A;UPAR;Ulex_parviflorus;4;55
5;A;UPAR;Ulex_parviflorus;5;73
6;A;UPAR;Ulex_parviflorus;6;112
7;A;UPAR;Ulex_parviflorus;7;78
8;A;UPAR;Ulex_parviflorus;8;93
9;A;UPAR;Ulex_parviflorus;9;58
10;A;UPAR;Ulex_parviflorus;10;79
11;A;UPAR;Ulex_parviflorus;11;57
12;A;UPAR;Ulex_parviflorus;12;79
13;A;UPAR;Ulex_parviflorus;13;67
14;A;UPAR;Ulex_parviflorus;14;51
15;A;UPAR;Ulex_parviflorus;15;95
16;A;HCOM;Halimium_commutatum;106;78
17;A;HCOM;Halimium_commutatum;107;60
18;A;HCOM;Halimium_commutatum;108;43
19;A;HCOM;Halimium_commutatum;109;63
20;A;HCOM;Halimium_commutatum;110;34
21;A;HCOM;Halimium_commutatum;111;38
22;A;HCOM;Halimium_commutatum;112;62
23;A;HCOM;Halimium_commutatum;113;66
24;A;HCOM;Halimium_commutatum;114;52
25;A;HCOM;Halimium_commutatum;115;60
26;A;HCOM;Halimium_commutatum;116;56
27;A;HCOM;Halimium_commutatum;117;73
28;A;HCOM;Halimium_commutatum;118;65
29;A;HCOM;Halimium_commutatum;119;35
30;A;HCOM;Halimium_commutatum;120;75
31;A;ROFF;Rosmarinus_officinalis;236;77
32;A;ROFF;Rosmarinus_officinalis;237;98
33;A;ROFF;Rosmarinus_officinalis;238;77
34;A;ROFF;Rosmarinus_officinalis;239;103
35;A;ROFF;Rosmarinus_officinalis;240;116
36;A;SGEN;Stauracanthus_genistoides;241;82
37;A;SGEN;Stauracanthus_genistoides;242;95
38;A;SGEN;Stauracanthus_genistoides;243;72
39;A;SGEN;Stauracanthus_genistoides;244;67
40;A;SGEN;Stauracanthus_genistoides;245;74
41;A;SGEN;Stauracanthus_genistoides;246;84
42;A;SGEN;Stauracanthus_genistoides;247;107
43;A;SGEN;Stauracanthus_genistoides;248;63
44;A;SGEN;Stauracanthus_genistoides;249;90
45;A;SGEN;Stauracanthus_genistoides;250;86
46;A;SGEN;Stauracanthus_genistoides;Y;102
47;A;LPED;Lavandula_pedunculata;261;73
48;A;LPED;Lavandula_pedunculata;262;64
49;A;LPED;Lavandula_pedunculata;263;66
50;A;LPED;Lavandula_pedunculata;264;70
51;A;LPED;Lavandula_pedunculata;265;53
52;A;LPED;Lavandula_pedunculata;266;72
53;A;LPED;Lavandula_pedunculata;267;85
54;A;LPED;Lavandula_pedunculata;268;74
55;A;LPED;Lavandula_pedunculata;269;47
56;A;LPED;Lavandula_pedunculata;270;58
57;A;LPED;Lavandula_pedunculata;271;57
58;A;LPED;Lavandula_pedunculata;272;45
59;A;LPED;Lavandula_pedunculata;273;53
60;A;LPED;Lavandula_pedunculata;274;50
61;A;LPED;Lavandula_pedunculata;275;102
62;A;CLIB;Cistus_libanotis;366;67
63;A;CLIB;Cistus_libanotis;367;96
64;A;CLIB;Cistus_libanotis;368;61
65;A;CLIB;Cistus_libanotis;369;90
66;A;CLIB;Cistus_libanotis;370;105
67;A;CLIB;Cistus_libanotis;371;125
68;A;CLIB;Cistus_libanotis;372;49
69;A;CLIB;Cistus_libanotis;373;106
70;A;CLIB;Cistus_libanotis;374;117
71;A;CLIB;Cistus_libanotis;375;81
72;A;CLIB;Cistus_libanotis;376;120
73;A;CLIB;Cistus_libanotis;377;52
74;A;CLIB;Cistus_libanotis;378;57
75;A;CLIB;Cistus_libanotis;379;66
76;A;CLIB;Cistus_libanotis;380;48
77;A;HHAL;Halimium_halimifolium;471;205
78;A;HHAL;Halimium_halimifolium;472;155
79;A;HHAL;Halimium_halimifolium;473;130
80;A;HHAL;Halimium_halimifolium;474;73
81;A;HHAL;Halimium_halimifolium;475;90
82;A;HHAL;Halimium_halimifolium;476;160
83;A;HHAL;Halimium_halimifolium;477;107
84;A;HHAL;Halimium_halimifolium;478;84
85;A;HHAL;Halimium_halimifolium;479;81
86;A;HHAL;Halimium_halimifolium;480;100
87;A;HHAL;Halimium_halimifolium;481;103
88;A;HHAL;Halimium_halimifolium;482;106
89;A;HHAL;Halimium_halimifolium;483;66
90;A;HHAL;Halimium_halimifolium;484;102
91;A;HHAL;Halimium_halimifolium;485;83
92;A;TMAS;Thymus_mastichina;566;58
93;A;TMAS;Thymus_mastichina;567;99
94;A;TMAS;Thymus_mastichina;568;43
95;A;TMAS;Thymus_mastichina;569;38
96;A;TMAS;Thymus_mastichina;570;58
97;A;TMAS;Thymus_mastichina;571;60
98;A;TMAS;Thymus_mastichina;572;56
99;A;TMAS;Thymus_mastichina;573;88
100;A;TMAS;Thymus_mastichina;574;46
101;A;TMAS;Thymus_mastichina;575;42
102;A;TMAS;Thymus_mastichina;572_1;46
103;A;HPIC;Helichrysum_picardii;676;40
104;A;HPIC;Helichrysum_picardii;677;81
105;A;HPIC;Helichrysum_picardii;678;80
106;A;HPIC;Helichrysum_picardii;679;61
107;A;HPIC;Helichrysum_picardii;680;56
108;A;HPIC;Helichrysum_picardii;681;95
109;A;HPIC;Helichrysum_picardii;682;45
110;A;HPIC;Helichrysum_picardii;683;10
111;A;HPIC;Helichrysum_picardii;684;25
112;A;HPIC;Helichrysum_picardii;685;70
113;B;ROFF;Rosmarinus_officinalis;16;164
114;B;ROFF;Rosmarinus_officinalis;17;168
115;B;ROFF;Rosmarinus_officinalis;18;132
116;B;ROFF;Rosmarinus_officinalis;19;137
117;B;ROFF;Rosmarinus_officinalis;20;115
118;B;ROFF;Rosmarinus_officinalis;21;125
119;B;ROFF;Rosmarinus_officinalis;22;108
120;B;ROFF;Rosmarinus_officinalis;23;162
121;B;ROFF;Rosmarinus_officinalis;24;129
122;B;ROFF;Rosmarinus_officinalis;25;101
123;B;ROFF;Rosmarinus_officinalis;26;152
124;B;ROFF;Rosmarinus_officinalis;27;139
125;B;ROFF;Rosmarinus_officinalis;28;136
126;B;ROFF;Rosmarinus_officinalis;29;132
127;B;ROFF;Rosmarinus_officinalis;30;171
128;B;HCOM;Halimium_commutatum;121;58
129;B;HCOM;Halimium_commutatum;122;51
130;B;HCOM;Halimium_commutatum;123;54
131;B;HCOM;Halimium_commutatum;124;67
132;B;HCOM;Halimium_commutatum;125;85
133;B;HCOM;Halimium_commutatum;126;53
134;B;HCOM;Halimium_commutatum;127;66
135;B;HCOM;Halimium_commutatum;128;53
136;B;HCOM;Halimium_commutatum;129;47
137;B;HCOM;Halimium_commutatum;130;97
138;B;HCOM;Halimium_commutatum;131;51
139;B;HCOM;Halimium_commutatum;132;67
140;B;HCOM;Halimium_commutatum;133;34
141;B;HCOM;Halimium_commutatum;134;53
142;B;HCOM;Halimium_commutatum;135;51
143;B;SGEN;Stauracanthus_genistoides;226;56
144;B;SGEN;Stauracanthus_genistoides;227;89
145;B;SGEN;Stauracanthus_genistoides;228;53
146;B;SGEN;Stauracanthus_genistoides;229;84
147;B;SGEN;Stauracanthus_genistoides;230;59
148;B;SGEN;Stauracanthus_genistoides;231;43
149;B;SGEN;Stauracanthus_genistoides;232;57
150;B;SGEN;Stauracanthus_genistoides;233;72
151;B;SGEN;Stauracanthus_genistoides;234;65
152;B;SGEN;Stauracanthus_genistoides;235;59
153;B;LPED;Lavandula_pedunculata;276;60
154;B;LPED;Lavandula_pedunculata;277;40
155;B;LPED;Lavandula_pedunculata;278;46
156;B;LPED;Lavandula_pedunculata;279;60
157;B;LPED;Lavandula_pedunculata;280;48
158;B;LPED;Lavandula_pedunculata;281;83
159;B;LPED;Lavandula_pedunculata;282;40
160;B;LPED;Lavandula_pedunculata;283;61
161;B;LPED;Lavandula_pedunculata;284;67
162;B;LPED;Lavandula_pedunculata;285;65
163;B;LPED;Lavandula_pedunculata;286;46
164;B;LPED;Lavandula_pedunculata;287;63
165;B;LPED;Lavandula_pedunculata;288;47
166;B;LPED;Lavandula_pedunculata;289;105
167;B;LPED;Lavandula_pedunculata;290;41
168;B;CLIB;Cistus_libanotis;381;54
169;B;CLIB;Cistus_libanotis;382;89
170;B;CLIB;Cistus_libanotis;383;91
171;B;CLIB;Cistus_libanotis;384;71
172;B;CLIB;Cistus_libanotis;385;67
173;B;CLIB;Cistus_libanotis;386;95
174;B;CLIB;Cistus_libanotis;387;104
175;B;CLIB;Cistus_libanotis;388;53
176;B;CLIB;Cistus_libanotis;389;89
177;B;CLIB;Cistus_libanotis;390;72
178;B;CLIB;Cistus_libanotis;391;73
179;B;CLIB;Cistus_libanotis;392;57
180;B;CLIB;Cistus_libanotis;393;120
181;B;CLIB;Cistus_libanotis;394;50
182;B;CSAL;Cistus_salviifolius;Z;84
183;B;CLIB;Cistus_libanotis;395;47
184;B;HHAL;Halimium_halimifolium;486;125
185;B;HHAL;Halimium_halimifolium;487;113
186;B;HHAL;Halimium_halimifolium;488;103
187;B;HHAL;Halimium_halimifolium;489;99
188;B;HHAL;Halimium_halimifolium;490;76
189;B;HHAL;Halimium_halimifolium;491;102
190;B;HHAL;Halimium_halimifolium;492;62
191;B;HHAL;Halimium_halimifolium;493;145
192;B;HHAL;Halimium_halimifolium;494;130
193;B;HHAL;Halimium_halimifolium;495;107
194;B;HHAL;Halimium_halimifolium;496;92
195;B;HHAL;Halimium_halimifolium;497;111
196;B;HHAL;Halimium_halimifolium;498;89
197;B;HHAL;Halimium_halimifolium;499;111
198;B;HHAL;Halimium_halimifolium;500;81
199;B;TMAS;Thymus_mastichina;576;69
200;B;TMAS;Thymus_mastichina;577;68
201;B;TMAS;Thymus_mastichina;578;55
202;B;TMAS;Thymus_mastichina;579;49
203;B;TMAS;Thymus_mastichina;580;62
204;B;TMAS;Thymus_mastichina;581;68
205;B;TMAS;Thymus_mastichina;582;72
206;B;TMAS;Thymus_mastichina;583;60
207;B;TMAS;Thymus_mastichina;584;47
208;B;TMAS;Thymus_mastichina;585;36
209;B;HPIC;Helichrysum_picardii;626;28
210;B;HPIC;Helichrysum_picardii;627;20
211;B;HPIC;Helichrysum_picardii;628;43
212;B;HPIC;Helichrysum_picardii;629;36
213;B;HPIC;Helichrysum_picardii;630;19
214;B;HPIC;Helichrysum_picardii;631;24
215;B;HPIC;Helichrysum_picardii;632;19
216;B;HPIC;Helichrysum_picardii;633;14
217;B;HPIC;Helichrysum_picardii;634;21
218;B;HPIC;Helichrysum_picardii;635;14
219;B;HPIC;Helichrysum_picardii;636;20
220;B;HPIC;Helichrysum_picardii;637;30
221;B;HPIC;Helichrysum_picardii;638;23
222;B;HPIC;Helichrysum_picardii;639;28
223;B;HPIC;Helichrysum_picardii;640;23
224;B;HPIC;Helichrysum_picardii;688;50
225;B;HPIC;Helichrysum_picardii;689;32
226;B;HPIC;Helichrysum_picardii;690;26
227;B;HPIC;Helichrysum_picardii;691;19
228;B;HPIC;Helichrysum_picardii;692;38
229;C;ROFF;Rosmarinus_officinalis;31;149
230;C;ROFF;Rosmarinus_officinalis;32;150
231;C;ROFF;Rosmarinus_officinalis;33;142
232;C;ROFF;Rosmarinus_officinalis;34;124
233;C;ROFF;Rosmarinus_officinalis;35;163
234;C;ROFF;Rosmarinus_officinalis;36;144
235;C;ROFF;Rosmarinus_officinalis;37;169
236;C;ROFF;Rosmarinus_officinalis;38;104
237;C;ROFF;Rosmarinus_officinalis;39;133
238;C;ROFF;Rosmarinus_officinalis;40;126
239;C;ROFF;Rosmarinus_officinalis;41;163
240;C;ROFF;Rosmarinus_officinalis;42;119
241;C;ROFF;Rosmarinus_officinalis;43;93
242;C;ROFF;Rosmarinus_officinalis;44;140
243;C;ROFF;Rosmarinus_officinalis;45;109
244;C;HCOM;Halimium_commutatum;136;48
245;C;HCOM;Halimium_commutatum;137;51
246;C;HCOM;Halimium_commutatum;138;55
247;C;HCOM;Halimium_commutatum;139;28
248;C;HCOM;Halimium_commutatum;140;48
249;C;HCOM;Halimium_commutatum;141;40
250;C;HCOM;Halimium_commutatum;142;34
251;C;HCOM;Halimium_commutatum;143;42
252;C;HCOM;Halimium_commutatum;144;54
253;C;HCOM;Halimium_commutatum;145;39
254;C;HCOM;Halimium_commutatum;146;39
255;C;HCOM;Halimium_commutatum;147;48
256;C;HCOM;Halimium_commutatum;148;45
257;C;HCOM;Halimium_commutatum;149;33
258;C;HCOM;Halimium_commutatum;150;36
259;C;LPED;Lavandula_pedunculata;291;54
260;C;LPED;Lavandula_pedunculata;292;58
261;C;LPED;Lavandula_pedunculata;293;57
262;C;LPED;Lavandula_pedunculata;294;60
263;C;LPED;Lavandula_pedunculata;295;37
264;C;LPED;Lavandula_pedunculata;296;39
265;C;LPED;Lavandula_pedunculata;297;42
266;C;LPED;Lavandula_pedunculata;298;73
267;C;LPED;Lavandula_pedunculata;299;65
268;C;LPED;Lavandula_pedunculata;300;46
269;C;LPED;Lavandula_pedunculata;301;46
270;C;LPED;Lavandula_pedunculata;302;54
271;C;LPED;Lavandula_pedunculata;303;36
272;C;LPED;Lavandula_pedunculata;304;45
273;C;LPED;Lavandula_pedunculata;305;54
274;C;SGEN;Stauracanthus_genistoides;251;133
275;C;SGEN;Stauracanthus_genistoides;252;71
276;C;SGEN;Stauracanthus_genistoides;253;95
277;C;SGEN;Stauracanthus_genistoides;254;107
278;C;SGEN;Stauracanthus_genistoides;255;79
279;C;SGEN;Stauracanthus_genistoides;256;80
280;C;SGEN;Stauracanthus_genistoides;257;77
281;C;SGEN;Stauracanthus_genistoides;258;91
282;C;SGEN;Stauracanthus_genistoides;259;77
283;C;SGEN;Stauracanthus_genistoides;260;120
284;C;AVEL;Armeria_velutina;436;55
285;C;AVEL;Armeria_velutina;437;57
286;C;CLIB;Cistus_libanotis;469;70
287;C;CLIB;Cistus_libanotis;470;55
288;C;HHAL;Halimium_halimifolium;501;85
289;C;HHAL;Halimium_halimifolium;502;107
290;C;HHAL;Halimium_halimifolium;503;96
291;C;HHAL;Halimium_halimifolium;504;131
292;C;HHAL;Halimium_halimifolium;505;109
293;C;HHAL;Halimium_halimifolium;506;108
294;C;HHAL;Halimium_halimifolium;507;101
295;C;HHAL;Halimium_halimifolium;508;61
296;C;HHAL;Halimium_halimifolium;509;115
297;C;HHAL;Halimium_halimifolium;510;78
298;C;HHAL;Halimium_halimifolium;511;103
299;C;HHAL;Halimium_halimifolium;512;84
300;C;HHAL;Halimium_halimifolium;513;110
301;C;HHAL;Halimium_halimifolium;514;153
302;C;HHAL;Halimium_halimifolium;515;105
303;C;TMAS;Thymus_mastichina;586;74
304;C;TMAS;Thymus_mastichina;587;71
305;C;TMAS;Thymus_mastichina;588;30
306;C;TMAS;Thymus_mastichina;589;51
307;C;TMAS;Thymus_mastichina;590;29
308;C;HPIC;Helichrysum_picardii;641;36
309;C;HPIC;Helichrysum_picardii;642;27
310;C;HPIC;Helichrysum_picardii;643;18
311;C;HPIC;Helichrysum_picardii;644;25
312;C;HPIC;Helichrysum_picardii;645;24
313;C;HPIC;Helichrysum_picardii;646;46
314;C;HPIC;Helichrysum_picardii;647;10
315;C;HPIC;Helichrysum_picardii;648;22
316;C;HPIC;Helichrysum_picardii;649;33
317;C;HPIC;Helichrysum_picardii;650;24
318;C;HPIC;Helichrysum_picardii;651;16
319;C;HPIC;Helichrysum_picardii;652;28
320;C;HPIC;Helichrysum_picardii;653;14
321;C;HPIC;Helichrysum_picardii;654;24
322;C;HPIC;Helichrysum_picardii;655;14
323;D;ROFF;Rosmarinus_officinalis;46;147
324;D;ROFF;Rosmarinus_officinalis;47;122
325;D;ROFF;Rosmarinus_officinalis;48;182
326;D;ROFF;Rosmarinus_officinalis;49;73
327;D;ROFF;Rosmarinus_officinalis;50;112
328;D;ROFF;Rosmarinus_officinalis;51;101
329;D;ROFF;Rosmarinus_officinalis;52;106
330;D;ROFF;Rosmarinus_officinalis;53;112
331;D;ROFF;Rosmarinus_officinalis;54;85
332;D;ROFF;Rosmarinus_officinalis;55;103
333;D;ROFF;Rosmarinus_officinalis;56;138
334;D;ROFF;Rosmarinus_officinalis;57;91
335;D;ROFF;Rosmarinus_officinalis;58;99
336;D;ROFF;Rosmarinus_officinalis;59;130
337;D;ROFF;Rosmarinus_officinalis;60;114
338;D;HCOM;Halimium_commutatum;151;40
339;D;HCOM;Halimium_commutatum;152;68
340;D;HCOM;Halimium_commutatum;153;45
341;D;HCOM;Halimium_commutatum;154;37
342;D;HCOM;Halimium_commutatum;155;36
343;D;HCOM;Halimium_commutatum;156;43
344;D;HCOM;Halimium_commutatum;157;64
345;D;HCOM;Halimium_commutatum;158;38
346;D;HCOM;Halimium_commutatum;159;29
347;D;HCOM;Halimium_commutatum;160;90
348;D;HCOM;Halimium_commutatum;161;47
349;D;HCOM;Halimium_commutatum;162;53
350;D;HCOM;Halimium_commutatum;163;68
351;D;HCOM;Halimium_commutatum;164;45
352;D;HCOM;Halimium_commutatum;165;38
353;D;LPED;Lavandula_pedunculata;306;45
354;D;LPED;Lavandula_pedunculata;307;63
355;D;LPED;Lavandula_pedunculata;308;55
356;D;LPED;Lavandula_pedunculata;309;51
357;D;LPED;Lavandula_pedunculata;310;40
358;D;LPED;Lavandula_pedunculata;311;50
359;D;LPED;Lavandula_pedunculata;312;38
360;D;LPED;Lavandula_pedunculata;313;45
361;D;LPED;Lavandula_pedunculata;314;68
362;D;LPED;Lavandula_pedunculata;315;62
363;D;LPED;Lavandula_pedunculata;316;37
364;D;LPED;Lavandula_pedunculata;317;47
365;D;LPED;Lavandula_pedunculata;318;34
366;D;LPED;Lavandula_pedunculata;319;57
367;D;LPED;Lavandula_pedunculata;320;44
368;D;SGEN;Stauracanthus_genistoides;166;65
369;D;SGEN;Stauracanthus_genistoides;167;59
370;D;SGEN;Stauracanthus_genistoides;168;83
371;D;SGEN;Stauracanthus_genistoides;169;80
372;D;SGEN;Stauracanthus_genistoides;170;81
373;D;SGEN;Stauracanthus_genistoides;171;76
374;D;SGEN;Stauracanthus_genistoides;172;80
375;D;SGEN;Stauracanthus_genistoides;173;128
376;D;SGEN;Stauracanthus_genistoides;174;60
377;D;SGEN;Stauracanthus_genistoides;175;66
378;D;SGEN;Stauracanthus_genistoides;176;70
379;D;SGEN;Stauracanthus_genistoides;177;66
380;D;SGEN;Stauracanthus_genistoides;178;83
381;D;SGEN;Stauracanthus_genistoides;179;72
382;D;SGEN;Stauracanthus_genistoides;180;104
383;D;CLIB;Cistus_libanotis;396;42
384;D;CLIB;Cistus_libanotis;397;68
385;D;CLIB;Cistus_libanotis;398;52
386;D;CLIB;Cistus_libanotis;399;74
387;D;CLIB;Cistus_libanotis;400;46
388;D;CLIB;Cistus_libanotis;401;48
389;D;CLIB;Cistus_libanotis;402;80
390;D;CLIB;Cistus_libanotis;403;60
391;D;CLIB;Cistus_libanotis;404;82
392;D;CLIB;Cistus_libanotis;405;65
393;D;CLIB;Cistus_libanotis;406;68
394;D;CLIB;Cistus_libanotis;407;70
395;D;CLIB;Cistus_libanotis;408;104
396;D;CLIB;Cistus_libanotis;409;78
397;D;CLIB;Cistus_libanotis;410;30
398;D;AVEL;Armeria_velutina;438;60
399;D;AVEL;Armeria_velutina;439;52
400;D;AVEL;Armeria_velutina;440;40
401;D;AVEL;Armeria_velutina;441;40
402;D;AVEL;Armeria_velutina;442;50
403;D;AVEL;Armeria_velutina;443;34
404;D;AVEL;Armeria_velutina;444;38
405;D;AVEL;Armeria_velutina;445;45
406;D;AVEL;Armeria_velutina;446;56
407;D;AVEL;Armeria_velutina;447;51
408;D;AVEL;Armeria_velutina;448;61
409;D;AVEL;Armeria_velutina;449;47
410;D;HHAL;Halimium_halimifolium;516;80
411;D;HHAL;Halimium_halimifolium;517;52
412;D;HHAL;Halimium_halimifolium;518;109
413;D;HHAL;Halimium_halimifolium;519;80
414;D;HHAL;Halimium_halimifolium;520;40
415;D;HHAL;Halimium_halimifolium;521;90
416;D;HHAL;Halimium_halimifolium;522;100
417;D;HHAL;Halimium_halimifolium;523;146
418;D;HHAL;Halimium_halimifolium;524;94
419;D;HHAL;Halimium_halimifolium;525;90
420;D;HHAL;Halimium_halimifolium;526;90
421;D;HHAL;Halimium_halimifolium;527;122
422;D;HHAL;Halimium_halimifolium;528;68
423;D;HHAL;Halimium_halimifolium;529;110
424;D;HHAL;Halimium_halimifolium;530;104
425;D;TMAS;Thymus_mastichina;591;37
426;D;TMAS;Thymus_mastichina;592;34
427;D;TMAS;Thymus_mastichina;593;42
428;D;TMAS;Thymus_mastichina;594;40
429;D;TMAS;Thymus_mastichina;595;40
430;D;TMAS;Thymus_mastichina;596;45
431;D;TMAS;Thymus_mastichina;597;40
432;D;TMAS;Thymus_mastichina;598;64
433;D;TMAS;Thymus_mastichina;599;68
434;D;TMAS;Thymus_mastichina;600;39
435;D;HPIC;Helichrysum_picardii;656;50
436;D;HPIC;Helichrysum_picardii;657;22
437;D;HPIC;Helichrysum_picardii;658;30
438;D;HPIC;Helichrysum_picardii;659;28
439;D;HPIC;Helichrysum_picardii;660;16
440;D;HPIC;Helichrysum_picardii;661;18
441;D;HPIC;Helichrysum_picardii;662;15
442;D;HPIC;Helichrysum_picardii;663;13
443;D;HPIC;Helichrysum_picardii;664;16
444;D;HPIC;Helichrysum_picardii;665;22
445;D;HPIC;Helichrysum_picardii;666;25
446;D;HPIC;Helichrysum_picardii;667;23
447;D;HPIC;Helichrysum_picardii;668;24
448;D;HPIC;Helichrysum_picardii;669;22
449;D;HPIC;Helichrysum_picardii;670;28
450;D;HPIC;Helichrysum_picardii;671;13
451;D;HPIC;Helichrysum_picardii;672;17
452;D;HPIC;Helichrysum_picardii;673;50
453;D;HPIC;Helichrysum_picardii;674;40
454;D;HPIC;Helichrysum_picardii;675;22
455;E;UPAR;Ulex_parviflorus;61;97
456;E;UPAR;Ulex_parviflorus;62;54
457;E;UPAR;Ulex_parviflorus;63;92
458;E;UPAR;Ulex_parviflorus;64;69
459;E;UPAR;Ulex_parviflorus;65;64
460;E;UPAR;Ulex_parviflorus;66;104
461;E;UPAR;Ulex_parviflorus;67;54
462;E;UPAR;Ulex_parviflorus;68;87
463;E;UPAR;Ulex_parviflorus;69;60
464;E;UPAR;Ulex_parviflorus;70;94
465;E;UPAR;Ulex_parviflorus;71;66
466;E;UPAR;Ulex_parviflorus;72;98
467;E;UPAR;Ulex_parviflorus;73;116
468;E;UPAR;Ulex_parviflorus;74;67
469;E;UPAR;Ulex_parviflorus;75;39
470;E;SGEN;Stauracanthus_genistoides;351;104
471;E;SGEN;Stauracanthus_genistoides;352;135
472;E;SGEN;Stauracanthus_genistoides;353;97
473;E;SGEN;Stauracanthus_genistoides;354;73
474;E;SGEN;Stauracanthus_genistoides;355;86
475;E;SGEN;Stauracanthus_genistoides;356;89
476;E;SGEN;Stauracanthus_genistoides;357;68
477;E;SGEN;Stauracanthus_genistoides;358;65
478;E;SGEN;Stauracanthus_genistoides;359;73
479;E;SGEN;Stauracanthus_genistoides;360;89
480;E;ROFF;Rosmarinus_officinalis;76;40
481;E;ROFF;Rosmarinus_officinalis;77;87
482;E;ROFF;Rosmarinus_officinalis;78;118
483;E;ROFF;Rosmarinus_officinalis;79;97
484;E;ROFF;Rosmarinus_officinalis;80;100
485;E;ROFF;Rosmarinus_officinalis;81;109
486;E;ROFF;Rosmarinus_officinalis;82;114
487;E;ROFF;Rosmarinus_officinalis;83;73
488;E;ROFF;Rosmarinus_officinalis;84;73
489;E;ROFF;Rosmarinus_officinalis;85;97
490;E;ROFF;Rosmarinus_officinalis;86;110
491;E;ROFF;Rosmarinus_officinalis;87;84
492;E;ROFF;Rosmarinus_officinalis;88;88
493;E;ROFF;Rosmarinus_officinalis;89;93
494;E;ROFF;Rosmarinus_officinalis;90;105
495;E;HCOM;Halimium_commutatum;181;64
496;E;HCOM;Halimium_commutatum;182;75
497;E;HCOM;Halimium_commutatum;183;47
498;E;HCOM;Halimium_commutatum;184;62
499;E;HCOM;Halimium_commutatum;185;65
500;E;HCOM;Halimium_commutatum;186;72
501;E;HCOM;Halimium_commutatum;187;74
502;E;HCOM;Halimium_commutatum;188;72
503;E;HCOM;Halimium_commutatum;189;66
504;E;HCOM;Halimium_commutatum;190;55
505;E;HCOM;Halimium_commutatum;191;54
506;E;HCOM;Halimium_commutatum;192;54
507;E;HCOM;Halimium_commutatum;193;40
508;E;HCOM;Halimium_commutatum;194;60
509;E;HCOM;Halimium_commutatum;195;54
510;E;LPED;Lavandula_pedunculata;321;55
511;E;LPED;Lavandula_pedunculata;322;93
512;E;LPED;Lavandula_pedunculata;323;65
513;E;LPED;Lavandula_pedunculata;324;68
514;E;LPED;Lavandula_pedunculata;325;80
515;E;LPED;Lavandula_pedunculata;326;80
516;E;LPED;Lavandula_pedunculata;327;82
517;E;LPED;Lavandula_pedunculata;328;53
518;E;LPED;Lavandula_pedunculata;329;55
519;E;LPED;Lavandula_pedunculata;330;40
520;E;LPED;Lavandula_pedunculata;331;53
521;E;LPED;Lavandula_pedunculata;332;84
522;E;LPED;Lavandula_pedunculata;333;92
523;E;LPED;Lavandula_pedunculata;334;54
524;E;LPED;Lavandula_pedunculata;335;47
525;E;CSAL;Cistus_salviifolius;361;62
526;E;CSAL;Cistus_salviifolius;362;77
527;E;CSAL;Cistus_salviifolius;363;41
528;E;CSAL;Cistus_salviifolius;364;50
529;E;CSAL;Cistus_salviifolius;365;40
530;E;CSAL;Cistus_salviifolius;365_1;40
531;E;CSAL;Cistus_salviifolius;365_2;45
532;E;CSAL;Cistus_salviifolius;365_3;40
533;E;CSAL;Cistus_salviifolius;365_4;35
534;E;CLIB;Cistus_libanotis;411;78
535;E;CLIB;Cistus_libanotis;412;106
536;E;CLIB;Cistus_libanotis;413;76
537;E;CLIB;Cistus_libanotis;414;58
538;E;CLIB;Cistus_libanotis;415;78
539;E;CLIB;Cistus_libanotis;416;66
540;E;CLIB;Cistus_libanotis;417;80
541;E;CLIB;Cistus_libanotis;418;57
542;E;CLIB;Cistus_libanotis;419;43
543;E;CLIB;Cistus_libanotis;420;97
544;E;CLIB;Cistus_libanotis;421;95
545;E;CLIB;Cistus_libanotis;422;90
546;E;CLIB;Cistus_libanotis;423;98
547;E;CLIB;Cistus_libanotis;424;59
548;E;CLIB;Cistus_libanotis;425;79
549;E;AVEL;Armeria_velutina;450;62
550;E;AVEL;Armeria_velutina;451;38
551;E;AVEL;Armeria_velutina;452;47
552;E;AVEL;Armeria_velutina;453;54
553;E;AVEL;Armeria_velutina;454;55
554;E;AVEL;Armeria_velutina;455;47
555;E;AVEL;Armeria_velutina;456;56
556;E;AVEL;Armeria_velutina;457;39
557;E;AVEL;Armeria_velutina;458;45
558;E;AVEL;Armeria_velutina;459;50
559;E;HHAL;Halimium_halimifolium;531;50
560;E;HHAL;Halimium_halimifolium;532;71
561;E;HHAL;Halimium_halimifolium;533;126
562;E;HHAL;Halimium_halimifolium;534;75
563;E;HHAL;Halimium_halimifolium;535;95
564;E;HHAL;Halimium_halimifolium;536;97
565;E;HHAL;Halimium_halimifolium;537;196
566;E;HHAL;Halimium_halimifolium;538;106
567;E;HHAL;Halimium_halimifolium;539;185
568;E;HHAL;Halimium_halimifolium;540;90
569;E;HHAL;Halimium_halimifolium;541;92
570;E;HHAL;Halimium_halimifolium;542;135
571;E;HHAL;Halimium_halimifolium;543;104
572;E;HHAL;Halimium_halimifolium;544;73
573;E;HHAL;Halimium_halimifolium;545;149
574;E;TMAS;Thymus_mastichina;601;47
575;E;TMAS;Thymus_mastichina;602;74
576;E;TMAS;Thymus_mastichina;603;41
577;E;TMAS;Thymus_mastichina;604;27
578;E;TMAS;Thymus_mastichina;605;68
579;E;TMAS;Thymus_mastichina;606;46
580;E;TMAS;Thymus_mastichina;607;57
581;E;TMAS;Thymus_mastichina;608;32
582;E;TMAS;Thymus_mastichina;609;50
583;E;TMAS;Thymus_mastichina;610;46
584;F;LPED;Lavandula_pedunculata;336;37
585;F;LPED;Lavandula_pedunculata;337;43
586;F;LPED;Lavandula_pedunculata;338;44
587;F;LPED;Lavandula_pedunculata;339;46
588;F;LPED;Lavandula_pedunculata;340;46
589;F;LPED;Lavandula_pedunculata;341;96
590;F;LPED;Lavandula_pedunculata;342;42
591;F;LPED;Lavandula_pedunculata;343;31
592;F;LPED;Lavandula_pedunculata;344;52
593;F;LPED;Lavandula_pedunculata;345;40
594;F;LPED;Lavandula_pedunculata;346;60
595;F;LPED;Lavandula_pedunculata;347;60
596;F;LPED;Lavandula_pedunculata;348;38
597;F;LPED;Lavandula_pedunculata;349;61
598;F;LPED;Lavandula_pedunculata;350;64
599;F;ROFF;Rosmarinus_officinalis;91;170
600;F;ROFF;Rosmarinus_officinalis;92;112
601;F;ROFF;Rosmarinus_officinalis;93;137
602;F;ROFF;Rosmarinus_officinalis;94;106
603;F;ROFF;Rosmarinus_officinalis;95;133
604;F;ROFF;Rosmarinus_officinalis;96;134
605;F;ROFF;Rosmarinus_officinalis;97;123
606;F;ROFF;Rosmarinus_officinalis;98;93
607;F;ROFF;Rosmarinus_officinalis;99;89
608;F;ROFF;Rosmarinus_officinalis;100;112
609;F;ROFF;Rosmarinus_officinalis;101;117
610;F;ROFF;Rosmarinus_officinalis;102;173
611;F;ROFF;Rosmarinus_officinalis;103;170
612;F;ROFF;Rosmarinus_officinalis;104;114
613;F;ROFF;Rosmarinus_officinalis;105;67
614;F;HCOM;Halimium_commutatum;196;42
615;F;HCOM;Halimium_commutatum;197;92
616;F;HCOM;Halimium_commutatum;198;62
617;F;HCOM;Halimium_commutatum;199;62
618;F;HCOM;Halimium_commutatum;200;58
619;F;HCOM;Halimium_commutatum;201;77
620;F;HCOM;Halimium_commutatum;202;27
621;F;HCOM;Halimium_commutatum;203;70
622;F;HCOM;Halimium_commutatum;204;52
623;F;HCOM;Halimium_commutatum;205;66
624;F;HCOM;Halimium_commutatum;206;54
625;F;HCOM;Halimium_commutatum;207;38
626;F;HCOM;Halimium_commutatum;208;80
627;F;HCOM;Halimium_commutatum;209;22
628;F;HCOM;Halimium_commutatum;210;33
629;F;UPAR;Ulex_parviflorus;212;76
630;F;UPAR;Ulex_parviflorus;214;56
631;F;UPAR;Ulex_parviflorus;218;83
632;F;UPAR;Ulex_parviflorus;221;69
633;F;UPAR;Ulex_parviflorus;222;71
634;F;UPAR;Ulex_parviflorus;223;77
635;F;UPAR;Ulex_parviflorus;224;63
636;F;UPAR;Ulex_parviflorus;X;113
637;F;SGEN;Stauracanthus_genistoides;213;61
638;F;SGEN;Stauracanthus_genistoides;215;70
639;F;SGEN;Stauracanthus_genistoides;216;126
640;F;SGEN;Stauracanthus_genistoides;217;114
641;F;SGEN;Stauracanthus_genistoides;219;74
642;F;SGEN;Stauracanthus_genistoides;220;88
643;F;SGEN;Stauracanthus_genistoides;225;87
644;F;SGEN;Stauracanthus_genistoides;211;80
645;F;CLIB;Cistus_libanotis;426;50
646;F;CLIB;Cistus_libanotis;427;67
647;F;CLIB;Cistus_libanotis;428;54
648;F;CLIB;Cistus_libanotis;429;44
649;F;CLIB;Cistus_libanotis;430;80
650;F;CLIB;Cistus_libanotis;431;82
651;F;CLIB;Cistus_libanotis;432;58
652;F;CLIB;Cistus_libanotis;433;73
653;F;CLIB;Cistus_libanotis;434;57
654;F;CLIB;Cistus_libanotis;435;73
655;F;CLIB;Cistus_libanotis;561;77
656;F;CLIB;Cistus_libanotis;562;56
657;F;CLIB;Cistus_libanotis;563;44
658;F;CLIB;Cistus_libanotis;564;86
659;F;CLIB;Cistus_libanotis;565;70
660;F;AVEL;Armeria_velutina;460;46
661;F;AVEL;Armeria_velutina;461;48
662;F;AVEL;Armeria_velutina;462;42
663;F;AVEL;Armeria_velutina;463;10
664;F;AVEL;Armeria_velutina;464;50
665;F;AVEL;Armeria_velutina;465;50
666;F;AVEL;Armeria_velutina;466;59
667;F;AVEL;Armeria_velutina;467;52
668;F;AVEL;Armeria_velutina;468;43
669;F;HHAL;Halimium_halimifolium;546;86
670;F;HHAL;Halimium_halimifolium;547;53
671;F;HHAL;Halimium_halimifolium;548;160
672;F;HHAL;Halimium_halimifolium;549;135
673;F;HHAL;Halimium_halimifolium;550;110
674;F;HHAL;Halimium_halimifolium;551;56
675;F;HHAL;Halimium_halimifolium;552;72
676;F;HHAL;Halimium_halimifolium;553;67
677;F;HHAL;Halimium_halimifolium;554;142
678;F;HHAL;Halimium_halimifolium;555;133
679;F;HHAL;Halimium_halimifolium;556;130
680;F;HHAL;Halimium_halimifolium;557;105
681;F;HHAL;Halimium_halimifolium;558;82
682;F;HHAL;Halimium_halimifolium;559;107
683;F;HHAL;Halimium_halimifolium;560;116
684;F;TMAS;Thymus_mastichina;611;52
685;F;TMAS;Thymus_mastichina;612;56
686;F;TMAS;Thymus_mastichina;613;36
687;F;TMAS;Thymus_mastichina;614;66
688;F;TMAS;Thymus_mastichina;615;40
689;F;TMAS;Thymus_mastichina;616;61
690;F;TMAS;Thymus_mastichina;617;56
691;F;TMAS;Thymus_mastichina;618;34
692;F;TMAS;Thymus_mastichina;619;56
693;F;TMAS;Thymus_mastichina;620;60
694;F;TMAS;Thymus_mastichina;621;30
695;F;TMAS;Thymus_mastichina;622;36
696;F;TMAS;Thymus_mastichina;623;44
697;F;TMAS;Thymus_mastichina;624;56
698;F;TMAS;Thymus_mastichina;625;23
699;F;HPIC;Helichrysum_picardii;686;28
700;F;HPIC;Helichrysum_picardii;687;12